{"Scores":[{"correctnessScore":0.006666666828095913,"rampScore":1.0,"responseScore":0.9934210777282715,"depScore":0.0,"busScore":1.0,"licenseScore":1.0,"netScore":0.5506842136383057}]}